{"cameraMode":{"drawMode":0,"name":"Shaded","section":"Shading Mode"},"sceneLighting":false,"audioPlay":false,"sceneViewState":{"showFog":true,"showMaterialUpdate":false,"showSkybox":true,"showFlares":true,"showImageEffects":true,"showParticleSystems":true},"in2DMode":false,"pivot":{"x":-0.9509143829345703,"y":1.3815052509307862,"z":0.849465012550354},"rotation":{"x":0.014604023657739163,"y":-0.9853648543357849,"z":0.11612768471240998,"w":0.12392468750476837},"size":1.9669339656829835,"orthographic":false}